Keyword;Observer
A.Lopez;ALO
A. Garcia;AGA
aheidemann;AHE
AndrewJWilson;AJW
bazan;KBA
bazan,guegan;KBA
Benjamin MAUCLAIRE,,;BMA
Benjmain MAUCLAIRE;BMA
Bertrand Guegan, Pierre Dubreuil;BGUPDL
cbuil;BUI
Colin Eldridge;CEL
D.Boyd;DBO
D_Boyd;DBO
Daniel Dejean;DDJ
DongLi;DLI
DPV;DPV
Dubreuil, Lopez;PDLALO
EBE;EBE
ebertrand;EBE
ETB;EBE
F M Teyssier;FTE
F. Teyssier;FTE
fboubault;FBO
FM Teyssier;FTE
FMT;FTE
FMTeyssier;FTE
Forrest Sims;FAS
forrest Sims;FAS
Fosanelli;FOS
FPC;FCA
Fran?ois Teyssier;FTE
Francisco Campos;FCA
Franck BOUBAULT;FBO
Francois Teyssier;FTE
FTeyssier;FTE
fteyssier;FTE
HBO;HBO
Hubert Boussier;HBO
Hugh Allen;HAL
Ch. REVOL;REV
Ch.Kreider;CHK
ChK;CHK
Christian Buil;BUI
Christophe Boussin;CBO
Ibrahima;IBR
J. Guarro;JGF
J. GUARRO;JGF
J.Coffin;JCO
J.P.Godard Michel Verlinden Christophe Boussin;JPGMVECBO
Jacques Michelet;JMI
Jacques Montier;JMO
James R. Foster;JRF
Jean-Noel Terry;JNT
JEdlin;JPE
JFG;JGF
JGF;JGF
Jim Edlin;JPE
Jim Ferreira;JFE
JMichelet;JMI
JP Masviel;JPM
JP MASVIEL;JPM
JPNougayrede;JPN
JSD,,;JSD
JWest;JWE
Kevin Bazan;KBA
kgraham;GKA
LFranco;FRA
Lucas Socha;LSO
M.Verlinden;MER
Marik;VMA
Martin Dubs;MDU
Martineau Buchet;GMAYBU
Martineau-Buchet;GMAYBU
Miguel Rodriguez;MRO
Miguel_Rodriguez;MRO
MiguelRodriguez;MRO
Michel Verlinden;MER
Michel VERLINDEN;MVE
Michel Verlinden Christophe Boussin V;MVECBO
MVR;MVR
N. Montigiani, M. Mannucci, L. Ferrini;NMOMMALFE
O. garde, P.Le Du, B. Guegan, P. Dubreuil;OGAPLDBGU
Olivier Garde;OGA
Olivier Garde, Pascal Le Du;OGAPLD
Olivier Thizy;OTH
Paolo Berardi;BER
Paolo Cazzato;PCA
Paul Luckas;PJL
Pavol A. Dubovsky;PAD
PBerardi;BER
PCA;PCA
Pierre Dubreuil;PDL
PMcGee;PGM
PSO;PSO
psomogyi;PSO
Revol;REV
Ribeiro J;RIB
Robin Leadbeater;RLE
S. Charbonnel;SCH
S.Moltomoli;SMO
S.Moltomoli_F.Castellani;SMOCAS
SMoltomoli FCastellani;SMOCAS
Steve Cuthbert;SCU
T. Kantola KTU;KTU
TBohlsen;BHQ
Thierry Garrel;TGA
Thierry GARREL,,;TGA
Thierry Lemoult;TLE
tlester;LES
Tomas Medulka;TMEPAD
Tonino Ventura;TVE
Tony Rodda;TRO
TRO;TRO
TVentura;TVE
Umberto Sollecchia;SOL
V. Lecocq;VLE
vbouttard;VBO
VDesnoux;DES
Woody Sims;FAS
YBGM;YBGM
FORREST SIMS;FAS
CHK;CHK
Jack Martin;JMA
Sean Curry;CUR
KSH;KSH
SKEC;SKEC
Keith Shank;KSH
KGU;KGU
Jack Martin;JMA
Sean Curry;CUR
KSH;KSH
SKEC;SKEC
Keith Shank;KSH
KGU;KGU
Colin Eldrige;CEL
O. garde, S. charbonnel;OGASCH
Peter Velez;VLZ
